GlobalAccuracy,MeanAccuracy,MeanIoU,WeightedIoU,MeanBFScore
0.850971740501344,NaN,0.27163530333773,0.739549454324443,0.356721472809683
