GlobalAccuracy,MeanAccuracy,MeanIoU,WeightedIoU,MeanBFScore
0.553753158559073,NaN,0.108534205474944,0.388032871875881,0.154841171754216
